{"_step":1778,"_wandb":{"runtime":6},"episodic_return":9.01522909781639,"grad_norm":9.831389105629299,"_timestamp":1.740257403870281e+09,"_runtime":6.341303}