{"episodic_return":9.852191170585655,"grad_norm":11.749921046976926,"_timestamp":1.740257246446054e+09,"_wandb":{"runtime":8},"_runtime":8.524798,"_step":2119}