{"_timestamp":1.740257361914229e+09,"_runtime":6.504696,"_step":2114,"_wandb":{"runtime":6},"episodic_return":9.57608841724784,"grad_norm":10.357456887654122}